Date,Q,Conductivity,NO3,Temp,Turbidity,Level,Dayofweek,Month
2019-01-01,318.0670785666667,54.446041666666666,0.15095833333333333,25.855416666666667,7.564375000000001,15.80397916625,1.0,1.0
2019-01-02,249.98991785833334,64.315625,0.15895833333333334,26.44395833333333,6.9775,15.626612102916667,2.0,1.0
2019-01-03,196.128066675,68.08854166666667,0.14777083333333332,26.703541666666666,6.779583333333334,15.459924603333334,3.0,1.0
2019-01-04,145.32717976208332,72.58666666666666,0.14483333333333334,26.727708333333336,6.270208333333334,15.29884623,4.0,1.0
2019-01-05,112.57894082374999,81.704375,0.14995833333333333,26.984791666666666,6.3758333333333335,15.232388889166666,5.0,1.0
2019-01-06,90.146280951625,87.85541666666667,0.15012499999999998,27.1375,7.142916666666667,15.161863095416665,6.0,1.0
2019-01-07,76.446333336125,91.44999999999999,0.15075,27.238125,5.854166666666667,15.10876984125,0.0,1.0
2019-01-08,61.76626388470834,90.83437500000001,0.1485625,27.64375,4.42875,15.107113095833334,1.0,1.0
2019-01-09,50.20131805691667,91.37354166666667,0.14560416666666667,28.08875,3.934791666666667,15.08956746,2.0,1.0
2019-01-10,47.511604167083334,89.80687499999999,0.14197916666666666,28.44458333333333,3.4077083333333333,15.054681547916667,3.0,1.0
2019-01-11,51.61562638933333,87.61708333333333,0.14454166666666665,27.798125,3.9975,15.014983135,4.0,1.0
2019-01-12,69.68724999875,84.388125,0.15522916666666667,26.782083333333333,6.6031249999999995,15.06048611125,5.0,1.0
2019-01-13,53.25941666625,75.80458333333333,0.14758333333333332,26.371875,4.580625,15.096347222083333,6.0,1.0
2019-01-14,86.53313194166667,78.71291666666666,0.17279166666666665,26.460416666666664,6.635625,15.2057103175,0.0,1.0
2019-01-15,166.970972225,68.05,0.14412499999999998,25.631249999999998,15.17375,15.320470237499999,1.0,1.0
2019-01-16,147.42364584041667,63.84,0.1880625,25.925,10.06875,15.291952381249999,2.0,1.0
2019-01-17,96.17670833083332,71.91437499999999,0.17900000000000002,26.416875,8.3775,15.208462301666666,3.0,1.0
2019-01-18,72.23301349166667,85.6175,0.17874999999999996,26.255416666666665,5.123541666666667,15.2056646825,4.0,1.0
2019-01-19,145.97271210829166,76.55624999999999,0.1406875,25.573958333333334,16.828125,15.343826389583333,5.0,1.0
2019-01-20,143.38072421291668,62.04604166666667,0.18612499999999998,25.55333333333333,11.813333333333333,15.436554564166668,6.0,1.0
2019-01-21,105.46994395016667,237.05979166666668,0.16564583333333333,26.008124999999996,6.339791666666667,15.416439483749999,0.0,1.0
2019-01-22,86.66622123,255.18875,0.15393749999999998,25.83666666666667,4.66375,15.34274603125,1.0,1.0
2019-01-23,88.83819484679167,160.19479166666667,0.15843749999999998,25.702916666666667,4.017291666666667,15.294147817499999,2.0,1.0
2019-01-24,124.49156945304166,79.72875,0.127375,25.3025,5.934375,15.253335317083334,3.0,1.0
2019-01-25,150.67474166,74.60875,0.1531875,25.2625,9.021875,15.259700396249999,4.0,1.0
2019-01-26,277.2194444333333,61.637499999999996,0.132125,24.367500000000003,19.291875,15.6171597225,5.0,1.0
2019-01-27,505.9896736125,38.7302414775,0.09381250000000001,24.29433238625,22.628849431666666,16.321875000000002,6.0,1.0
2019-01-28,599.8577033791667,34.40551136333333,0.09787499999999999,24.917556817916665,14.271534090833333,16.727291666666666,0.0,1.0
2019-01-29,426.63497917083333,38.171875,0.132875,25.509375000000002,12.850625,16.082777777916665,1.0,1.0
2019-01-30,355.8977083291666,41.93823863666667,0.1305625,26.101193182083335,11.429715909166667,15.87045138875,2.0,1.0
2019-01-31,356.48260913333337,45.28330018916666,0.12712500000000002,26.392334280416666,9.793233901458335,15.9064097225,3.0,1.0
2019-02-01,352.5901666625,44.40166666666667,0.12704166666666666,25.780416666666667,9.71875,15.944243055416665,4.0,2.0
2019-02-02,307.26263095,45.087916666666665,0.13325,25.850416666666664,10.03,15.823951388749999,5.0,2.0
2019-02-03,257.0458611083333,47.28875,0.13758333333333334,26.142083333333332,7.3687499999999995,15.677965277916668,6.0,2.0
2019-02-04,226.29306250416667,47.76291666666666,0.128875,26.16875,6.953749999999999,15.598256944583333,0.0,2.0
2019-02-05,192.26516270416667,51.64791666666667,0.14016666666666666,26.482083333333335,6.255,15.476792658333332,1.0,2.0
2019-02-06,165.0047252,54.70791666666667,0.13762499999999997,26.79375,6.365416666666667,15.376966269999999,2.0,2.0
2019-02-07,139.76145833166666,56.92625,0.14429166666666665,26.83791666666667,5.807083333333334,15.311312500833333,3.0,2.0
2019-02-08,138.25864880541667,56.65416666666667,0.15258333333333332,26.527916666666666,7.517083333333333,15.33682638875,4.0,2.0
2019-02-09,185.06897818333334,52.83416666666667,0.12966666666666668,25.689999999999998,13.4825,15.374902777916667,5.0,2.0
2019-02-10,153.5596180625,51.65875,0.13941666666666666,26.14125,8.025,15.259631944166665,6.0,2.0
2019-02-11,126.02715278458334,60.90416666666667,0.14024999999999999,26.99791666666667,5.20125,15.13326388875,0.0,2.0
2019-02-12,105.006041665,58.29083333333333,0.14625,27.224999999999998,4.59,15.104409722083332,1.0,2.0
2019-02-13,91.43004167208333,64.45166666666667,0.14933333333333332,27.178749999999997,4.6937500000000005,15.066416666666667,2.0,2.0
2019-02-14,77.2217083375,67.23708333333333,0.14975,27.175833333333333,4.30375,15.075006944583334,3.0,2.0
2019-02-15,67.18085416279166,69.22041666666667,0.149375,27.55,4.7058333333333335,15.11943254,4.0,2.0
2019-02-16,57.929738422083325,74.97791666666667,0.146,27.519583333333333,5.15375,15.157078373333334,5.0,2.0
2019-02-17,49.137879626625,933.5597916666666,0.13772916666666665,27.425416666666667,7.3175,15.285117063333333,6.0,2.0
2019-02-18,39.87154860529167,2991.2312500000003,0.13310416666666666,27.462500000000002,7.943958333333334,15.3471309525,0.0,2.0
2019-02-19,34.93530209041666,4940.326875,0.11895833333333333,28.00791666666667,6.423958333333334,15.362896824583332,1.0,2.0
2019-02-20,32.22668154458333,5103.4625,0.10747916666666667,28.35291666666667,6.095833333333334,15.350545634583334,2.0,2.0
2019-02-21,32.27491945029167,3581.183333333333,0.1118125,28.66395833333333,5.006875,15.299,3.0,2.0
2019-02-22,38.5646493025,753.8616666666667,0.11824999999999998,28.692916666666665,4.190833333333333,15.20169642875,4.0,2.0
2019-02-23,37.10555555429167,220.40833333333333,0.13016666666666668,28.747500000000002,4.3625,15.142124999583332,5.0,2.0
2019-02-24,42.30243055554167,100.91624999999999,0.14316666666666666,28.27333333333333,3.29625,15.172811508333334,6.0,2.0
2019-02-25,53.090416667625,86.6225,0.14070833333333332,27.1725,3.3645833333333335,15.242527777916665,0.0,2.0
2019-02-26,43.82583333404167,82.18791666666667,0.132125,26.655,3.7775,15.305022817500001,1.0,2.0
2019-02-27,48.61187499708333,448.42625,0.13008333333333333,26.48,2.5316666666666667,15.336005952083333,2.0,2.0
2019-02-28,66.224618050125,95.42708333333333,0.12516666666666665,25.895416666666666,4.377916666666667,15.3346478175,3.0,2.0
2019-03-01,45.99427083708333,102.93,0.11995833333333332,26.325416666666666,3.86125,15.313142857083333,4.0,3.0
2019-03-02,57.91486111404166,155.20250000000001,0.11858333333333332,25.98708333333333,3.970833333333333,15.338236111666667,5.0,3.0
2019-03-03,83.590347214875,99.98208333333334,0.130125,25.167083333333334,7.395,15.342243054999999,6.0,3.0
2019-03-04,107.63193749041666,80.97208333333333,0.17074999999999999,25.090416666666666,10.1875,15.3493065475,0.0,3.0
2019-03-05,76.50812500291666,83.75416666666666,0.13895833333333332,25.3575,5.3495833333333325,15.26374702375,1.0,3.0
2019-03-06,58.809201387375,92.82854166666668,0.14120833333333332,26.191041666666667,3.7025,15.243437499999999,2.0,3.0
2019-03-07,55.14123264154167,97.94666666666667,0.14658333333333332,26.756666666666664,3.8825000000000003,15.195501984166667,3.0,3.0
2019-03-08,43.99479166458334,97.375,0.149,27.12625,4.7075,15.12421131,4.0,3.0
2019-03-09,77.76460416291667,80.68041666666666,0.1495,26.999166666666667,6.980416666666667,15.124141865416666,5.0,3.0
2019-03-10,87.94592014,65.27208333333333,0.149125,26.415833333333335,10.5525,15.137091270416667,6.0,3.0
2019-03-11,78.35930555624999,65.69708333333334,0.13045833333333332,26.36791666666667,4.3062499999999995,15.111416666666669,0.0,3.0
2019-03-12,59.984734126666666,67.59354166666667,0.14641666666666667,26.725416666666664,3.155,15.055180555833333,1.0,3.0
2019-03-13,48.963472222916664,70.6,0.152375,27.275833333333335,2.6233333333333335,15.01025,2.0,3.0
2019-03-14,43.336788194583335,75.70208333333333,0.14912499999999998,27.4975,2.1466666666666665,14.990951389166668,3.0,3.0
2019-03-15,37.54686111079167,70.20541666666666,0.14754166666666665,27.677916666666665,2.6191666666666666,15.035418650833334,4.0,3.0
2019-03-16,35.66456249791667,104.84645833333333,0.14404166666666665,27.814166666666665,2.843958333333333,15.06225496125,5.0,3.0
2019-03-17,34.72643888583333,351.3575,0.131875,27.817083333333333,3.410833333333333,15.116730158333333,6.0,3.0
2019-03-18,42.55312360708333,1259.3562916666667,0.10952083333333333,27.04125,4.494583333333334,15.219979166249999,0.0,3.0
2019-03-19,130.34840277333333,368.37208333333336,0.14719791666666665,26.08458333333333,17.975416666666668,15.442351189999998,1.0,3.0
2019-03-20,211.36219445291667,56.75541666666667,0.15667708333333333,25.326458333333335,24.264166666666668,15.639274305416668,2.0,3.0
2019-03-21,206.355287687375,53.044375,0.18821875,24.985520833333336,20.778229166666666,15.631715277916667,3.0,3.0
2019-03-22,219.05097222541667,55.38583333333333,0.16229166666666667,24.5475,17.76875,15.569930555416667,4.0,3.0
2019-03-23,254.191597225,49.944583333333334,0.1567083333333333,24.93958333333333,23.754166666666666,15.533138889166667,5.0,3.0
2019-03-24,244.147916675,46.15416666666667,0.15858333333333333,25.829583333333332,15.032083333333333,15.422145832916668,6.0,3.0
2019-03-25,217.06666665833333,47.5075,0.15708333333333332,26.18875,10.62625,15.290347222500001,0.0,3.0
2019-03-26,176.6570337208333,52.75208333333333,0.1542083333333333,26.398645833333333,5.713958333333333,15.1550347225,1.0,3.0
2019-03-27,147.8029861125,63.449999999999996,0.150875,26.31458333333333,4.5062500000000005,15.085097222083334,2.0,3.0
2019-03-28,135.91999999875,64.6975,0.15229166666666666,26.323333333333334,5.78375,15.10247519875,3.0,3.0
2019-03-29,171.37256944708335,56.41958333333333,0.13954166666666667,26.017083333333332,14.590833333333334,15.181939484583333,4.0,3.0
2019-03-30,126.70458332916667,61.473749999999995,0.15504166666666666,26.240416666666665,6.839583333333334,15.123666666666667,5.0,3.0
2019-03-31,116.76256944583334,62.92333333333334,0.15033333333333332,26.138333333333335,8.366666666666667,15.110229662499998,6.0,3.0
2019-04-01,117.34961804833334,60.74458333333333,0.15062499999999998,25.817083333333333,9.806666666666667,15.217445436250001,0.0,4.0
2019-04-02,281.1098611125,41.41041666666667,0.11424999999999998,24.333333333333332,32.59041666666666,15.646448909166667,1.0,4.0
2019-04-03,300.584652775,41.58166666666667,0.12554166666666666,24.364791666666665,16.725208333333335,15.760920635416667,2.0,4.0
2019-04-04,459.5393750041667,33.430416666666666,0.08760416666666665,24.286041666666666,26.59958333333333,16.200868055416667,3.0,4.0
2019-04-05,423.0517361,33.865833333333335,0.09441666666666666,24.418958333333332,11.562708333333333,16.1940277775,4.0,4.0
2019-04-06,317.967222225,39.13645833333333,0.11085416666666666,24.760625,9.021666666666667,15.882313492083334,5.0,4.0
2019-04-07,266.5289583333333,41.59645833333333,0.11122916666666666,24.5325,6.982916666666667,15.68928670625,6.0,4.0
2019-04-08,227.5176388791667,43.888125,0.1125208333333333,24.661875,6.114166666666667,15.544581349583332,0.0,4.0
2019-04-09,193.15048610416667,45.49458333333334,0.11852083333333331,24.83791666666667,6.031874999999999,15.378357638749998,1.0,4.0
2019-04-10,163.56631945,47.0625,0.11835416666666665,24.781041666666667,5.780625000000001,15.259673610833334,2.0,4.0
2019-04-11,133.74722222625,49.08645833333333,0.13068749999999998,25.075833333333335,4.773750000000001,15.177638888750002,3.0,4.0
2019-04-12,115.51541667,49.94145833333334,0.1375833333333333,24.694791666666664,4.261875,15.205173611249998,4.0,4.0
2019-04-13,104.32784722291666,49.081041666666664,0.137875,24.405,4.723541666666667,15.313009920833332,5.0,4.0
2019-04-14,127.970902775125,51.856458333333336,0.13216666666666665,24.164375000000003,8.731666666666667,15.424207340833334,6.0,4.0
2019-04-15,116.47895833333332,52.75354166666667,0.12093749999999999,24.18041666666667,6.507291666666667,15.423317459583332,0.0,4.0
2019-04-16,92.32960069862499,61.42333333333334,0.12712500000000002,24.25645833333333,4.994583333333334,15.413138889166667,1.0,4.0
2019-04-17,88.61838541404167,87.3975,0.12031249999999999,24.082291666666666,4.200625,15.42266369125,2.0,4.0
2019-04-18,95.33934723054166,59.475625,0.11760416666666663,23.729583333333334,6.708958333333334,15.441196429583334,3.0,4.0
2019-04-19,146.4344444455417,53.93125,0.11514583333333332,23.245833333333334,13.014166666666666,15.469873015,4.0,4.0
2019-04-20,171.13763888999998,47.41729166666667,0.12281249999999999,23.247708333333335,14.162916666666668,15.495188492499999,5.0,4.0
2019-04-21,132.67958333333334,50.91979166666667,0.13235416666666666,23.958541666666665,5.201666666666667,15.339630952916666,6.0,4.0
2019-04-22,117.29012499999999,52.37625,0.12916666666666668,24.42375,4.686875,15.227975198333333,0.0,4.0
2019-04-23,97.07055555541666,54.5075,0.1380625,24.861041666666665,3.123958333333333,15.137960317500001,1.0,4.0
2019-04-24,95.64243055166666,54.91958333333333,0.13629166666666667,25.09125,2.6002083333333332,15.124669642916666,2.0,4.0
2019-04-25,112.77645833625,52.78791666666667,0.12570833333333334,25.148958333333336,5.778333333333333,15.126027777916667,3.0,4.0
2019-04-26,97.35052778458333,54.62625,0.133625,25.1525,6.245625,15.085776785833334,4.0,4.0
2019-04-27,85.67215278054168,55.871874999999996,0.14485416666666664,25.16604166666667,3.233541666666667,15.073025793333334,5.0,4.0
2019-04-28,123.66972222208334,50.06666666666666,0.13020833333333334,24.743125000000003,11.550833333333332,15.172455357083335,6.0,4.0
2019-04-29,155.41423611208333,44.72625,0.11527083333333332,23.762708333333332,16.203958333333333,15.264280754583334,0.0,4.0
2019-04-30,148.50687500458335,51.224375,0.12410416666666667,23.714583333333334,8.54125,15.2879146825,1.0,4.0
2019-05-01,167.30965277333334,51.875416666666666,0.12981249999999997,23.761041666666667,13.369791666666666,15.318190476666667,2.0,5.0
2019-05-02,170.70847223458335,50.36958333333333,0.11877083333333333,24.09958333333333,10.406666666666666,15.325012896666665,3.0,5.0
2019-05-03,157.83826389708335,49.49625,0.12285416666666665,24.177916666666665,6.9629166666666675,15.337807539583332,4.0,5.0
2019-05-04,154.97874999708333,49.829375,0.10547916666666667,23.863541666666666,6.041458333333334,15.346369047916667,5.0,5.0
2019-05-05,126.80145833208333,51.13291666666667,0.12047916666666665,23.95104166666667,4.095416666666667,15.270610119166667,6.0,5.0
2019-05-06,102.6025173625,53.815625000000004,0.12545833333333334,23.79895833333333,5.663541666666667,15.196586309583333,0.0,5.0
2019-05-07,87.58395833304166,55.535625,0.13110416666666666,23.16541666666667,2.62625,15.107333333333335,1.0,5.0
2019-05-08,78.039236113625,56.411458333333336,0.13710416666666667,23.02208333333333,2.612083333333333,15.04691666625,2.0,5.0
2019-05-09,70.45826388779166,56.866875,0.14129166666666668,23.28,1.9047916666666669,15.047625992083333,3.0,5.0
2019-05-10,65.15458333445834,56.28375,0.1428958333333333,23.518333333333334,2.3608333333333333,15.072444444166665,4.0,5.0
2019-05-11,62.11993055470833,57.698125000000005,0.1455,23.534166666666668,1.951875,15.123967262083333,5.0,5.0
2019-05-12,53.935486110041666,55.62166666666667,0.14727083333333332,23.028125,2.2279166666666668,15.160022817083332,6.0,5.0
2019-05-13,50.44846065041667,63.793125,0.14797916666666666,22.9075,2.2416666666666667,15.227773809166665,0.0,5.0
2019-05-14,58.32320601999999,157.24270833333333,0.138625,23.019375,2.3487500000000003,15.348411705833334,1.0,5.0
2019-05-15,146.25569444708333,44.236250000000005,0.11808333333333332,22.723333333333333,11.399791666666667,15.48864583375,2.0,5.0
2019-05-16,154.98965276958333,41.38770833333333,0.10775,22.958541666666665,13.631458333333333,15.488810515833334,3.0,5.0
2019-05-17,167.96930555416665,42.274166666666666,0.08999999999999998,22.933333333333334,13.109583333333333,15.5014027775,4.0,5.0
2019-05-18,147.48444444833333,45.14166666666667,0.10081249999999997,23.181458333333335,8.276875,15.440972222083333,5.0,5.0
2019-05-19,146.44833333458334,46.386041666666664,0.09327083333333332,22.931250000000002,7.179583333333333,15.402105157500001,6.0,5.0
2019-05-20,190.56993055,44.00479166666667,0.0853125,22.569166666666664,13.82125,15.391221230833333,0.0,5.0
2019-05-21,166.75409722375,46.68687499999999,0.10714583333333333,22.650208333333335,8.048958333333333,15.309019841249999,1.0,5.0
2019-05-22,195.10055556249998,46.01020833333333,0.09597916666666666,22.49416666666667,12.403541666666667,15.332322420833334,2.0,5.0
2019-05-23,198.42263889583333,47.53791666666667,0.10481249999999999,22.52208333333333,12.072708333333333,15.326029762083332,3.0,5.0
2019-05-24,172.60527777083334,47.056666666666665,0.11520833333333332,22.69729166666667,8.857291666666667,15.26329861125,4.0,5.0
2019-05-25,142.79263889166666,48.638749999999995,0.11927083333333328,22.99208333333333,5.494583333333334,15.186660714166665,5.0,5.0
2019-05-26,135.70395833333333,50.30916666666667,0.11635416666666665,23.055833333333336,4.2960416666666665,15.141790674583333,6.0,5.0
2019-05-27,127.77784722666667,50.79333333333333,0.11266666666666665,22.905416666666667,5.559375,15.117662698333334,0.0,5.0
2019-05-28,104.94430555625,54.48833333333334,0.12197916666666665,22.958125,4.360416666666667,15.081024802083334,1.0,5.0
2019-05-29,88.87583333041665,56.67958333333333,0.1290625,22.99145833333333,4.625625,15.075676587083334,2.0,5.0
2019-05-30,74.78222619095834,57.500416666666666,0.1338541666666667,22.959791666666664,3.248958333333333,15.068788690833335,3.0,5.0
2019-05-31,67.151510916125,57.26791666666667,0.13643750000000002,22.806250000000002,3.189166666666667,15.081590277916668,4.0,5.0
2019-06-01,62.91243055695833,58.86604166666667,0.14331249999999998,22.265416666666667,4.3975,15.13033333375,5.0,6.0
2019-06-02,57.491659727375,57.749583333333334,0.149875,21.738125,4.6310416666666665,15.147734126666668,6.0,6.0
2019-06-03,50.31234375429167,68.00520833333333,0.15202083333333333,21.707291666666666,3.31,15.133945435416665,0.0,6.0
2019-06-04,44.959513890125,82.96520833333334,0.14939583333333334,21.754375,3.64,15.109758927916667,1.0,6.0
2019-06-05,40.382462300583335,103.32083333333333,0.147875,20.98,3.2575,15.075095238333333,2.0,6.0
2019-06-06,36.95895833416667,103.23916666666666,0.14935416666666665,19.971041666666668,2.6639583333333334,15.054317460416668,3.0,6.0
2019-06-07,51.64902777625,129.70520833333333,0.14654166666666665,19.77208333333333,2.433333333333333,15.1365446425,4.0,6.0
2019-06-08,77.65045138833334,489.18895833333335,0.13910416666666667,20.382291666666667,2.8654166666666665,15.189533729583333,5.0,6.0
2019-06-09,112.23097222083334,54.286875,0.12239583333333333,20.978333333333335,7.197083333333333,15.219926587083334,6.0,6.0
2019-06-10,96.83465277970834,53.16729166666667,0.1138125,21.925416666666667,7.026875,15.20801488125,0.0,6.0
2019-06-11,70.92906944291667,52.985625,0.10906249999999999,22.543541666666666,5.727083333333333,15.1941984125,1.0,6.0
2019-06-12,63.48166666929166,58.183125,0.11768749999999996,22.790625000000002,8.055208333333333,15.193182539583333,2.0,6.0
2019-06-13,67.42462500308334,58.68520833333333,0.10341666666666666,22.508125000000003,3.5050000000000003,15.199490078750001,3.0,6.0
2019-06-14,69.35395833125,55.04833333333334,0.09868749999999997,22.390416666666667,4.204375,15.162976190833334,4.0,6.0
2019-06-15,66.352517359,59.0725,0.0951875,22.19333333333333,6.573958333333334,15.112817460833334,5.0,6.0
2019-06-16,49.73246527929167,67.70791666666666,0.10099999999999998,22.358958333333334,4.493125,15.051540674583334,6.0,6.0
2019-06-17,47.077895832208334,76.19250000000001,0.10670833333333331,22.460416666666664,3.034166666666667,14.995704365416666,0.0,6.0
2019-06-18,44.43729166775,76.96854166666667,0.11039583333333332,22.062291666666667,2.5379166666666664,14.937779761666667,1.0,6.0
2019-06-19,39.06331249875,75.80729166666667,0.11379166666666664,21.810833333333335,2.544583333333333,14.895564484166668,2.0,6.0
2019-06-20,36.044965276125,70.093125,0.11729166666666664,21.500625,2.212708333333333,14.875288690416667,3.0,6.0
2019-06-21,34.307638889208334,67.04895833333333,0.120375,21.133125,2.6747916666666662,14.870771825,4.0,6.0
2019-06-22,30.950951388916668,63.887708333333336,0.12085416666666665,20.753125,2.6793750000000003,14.90350793625,5.0,6.0
2019-06-23,37.075121527916664,61.03104166666666,0.1215,20.66375,2.439791666666667,14.949538690416666,6.0,6.0
2019-06-24,49.94791666554167,79.69375,0.11879166666666664,20.558125,2.1885416666666666,14.9650347225,0.0,6.0
2019-06-25,52.548472224,175.2854166666667,0.11495833333333332,20.441041666666667,1.9252083333333332,15.01957738125,1.0,6.0
2019-06-26,44.71812500233333,1155.055,0.16495833333333332,20.826666666666664,2.4639583333333333,15.069805555416666,2.0,6.0
2019-06-27,41.6452083335,2050.9820833333333,0.320125,21.311458333333334,2.1547916666666667,15.089520832916667,3.0,6.0
2019-06-28,43.077500003749996,1383.2177083333333,0.11827083333333333,21.577291666666667,2.1075,15.136125,4.0,6.0
2019-06-29,146.70555555708333,52.33541666666667,0.12629166666666666,21.099375,16.440625,15.276089285416667,5.0,6.0
2019-06-30,99.99097222500001,53.239374999999995,0.15227083333333333,20.861250000000002,13.0475,15.193359127083333,6.0,6.0
2019-07-01,56.308315974875,102.96249999999999,0.1294375,20.823958333333334,3.9885416666666664,15.129788690833331,0.0,7.0
2019-07-02,49.24135416375,108.45229166666667,0.11412499999999999,21.046041666666667,2.8189583333333332,15.112887896666665,1.0,7.0
2019-07-03,38.951944444458334,379.53375000000005,0.10781249999999999,20.937291666666667,2.653541666666667,15.056779762083332,2.0,7.0
2019-07-04,30.09463839333333,987.20125,0.12204166666666666,20.794166666666666,3.5272916666666667,14.99608631,3.0,7.0
2019-07-05,59.430230156666674,621.6302083333334,0.11535416666666665,20.79625,3.0264583333333337,15.02115674625,4.0,7.0
2019-07-06,93.42569742120833,82.2925,0.0960625,20.78770833333333,6.087083333333333,15.03726388875,5.0,7.0
2019-07-07,81.61566964054167,53.38583333333333,0.09470833333333334,21.213958333333334,5.011875,15.001295634583334,6.0,7.0
2019-07-08,60.16128472583333,55.94625,0.10216666666666664,22.127916666666668,2.9741666666666666,14.999130952083334,0.0,7.0
2019-07-09,170.94909721529166,45.34125,0.1025,21.7175,16.05875,15.220020833333335,1.0,7.0
2019-07-10,172.26326388333334,42.70729166666666,0.12964583333333332,21.394791666666666,16.006875,15.226189484166667,2.0,7.0
2019-07-11,106.3842013875,52.87375,0.12445833333333334,22.049791666666668,6.211458333333333,15.108244047083334,3.0,7.0
2019-07-12,81.82829117391667,59.54125,0.11456249999999997,22.03916666666667,4.627083333333333,15.0419603175,4.0,7.0
2019-07-13,64.816011410125,66.37020833333334,0.12285416666666665,21.773124999999997,5.649791666666666,15.014693452916667,5.0,7.0
2019-07-14,52.543888890625,71.63875,0.12445833333333334,21.306875,3.4441666666666664,14.993834325,6.0,7.0
2019-07-15,40.815304068124995,88.51875,0.12752083333333333,20.896666666666665,2.633125,14.986929563333334,0.0,7.0
2019-07-16,36.49948611091667,108.66000000000001,0.13075,19.951875,2.5714583333333336,14.961699404166666,1.0,7.0
2019-07-17,36.58980902841667,109.26729166666667,0.13254166666666664,19.508333333333333,2.2287500000000002,14.944145832916668,2.0,7.0
2019-07-18,29.161093747,102.34937500000001,0.13229166666666667,19.472708333333333,1.8425,14.938708332916667,3.0,7.0
2019-07-19,30.783472223333334,107.82375,0.13235416666666666,19.325,2.314791666666667,14.936204365833333,4.0,7.0
2019-07-20,30.74534375,104.16187500000001,0.13389583333333333,19.261875,1.9829166666666669,14.939945437083333,5.0,7.0
2019-07-21,30.87246527804167,328.29,0.125,19.469375,1.2454166666666666,14.959376984166667,6.0,7.0
2019-07-22,51.7338888875,464.4845833333334,0.11662499999999999,19.599375,1.2329166666666667,14.97101388875,0.0,7.0
2019-07-23,72.58027777958334,425.14958333333334,0.11558333333333332,20.306458333333335,1.2835416666666666,14.996104166666667,1.0,7.0
2019-07-24,69.28576388916666,302.6295833333333,0.10085416666666665,20.781458333333333,1.5927083333333334,14.983131944583333,2.0,7.0
2019-07-25,66.76163194291667,471.19125,0.09360416666666664,21.35375,3.829375,14.993083333333333,3.0,7.0
2019-07-26,58.39659722291666,1263.1902083333332,0.13068749999999998,21.618958333333335,2.0483333333333333,14.985565476666666,4.0,7.0
2019-07-27,39.902673609875,964.3585416666666,0.11297916666666667,22.094583333333333,3.137916666666667,14.970387896250001,5.0,7.0
2019-07-28,27.32286111233333,959.1279166666667,0.11645833333333333,22.015625,2.173958333333333,14.95839484125,6.0,7.0
2019-07-29,17.336111109041667,1551.5164583333335,0.1185625,21.763333333333335,3.786875,14.960698412916665,0.0,7.0
2019-07-30,15.441403767041665,3324.1368749999997,0.10341666666666666,21.77333333333333,2.596041666666667,14.968740079166666,1.0,7.0
2019-07-31,16.209305555958334,4312.395833333333,0.10460416666666666,21.928124999999998,3.2902083333333336,14.98084325375,2.0,7.0
2019-08-01,8.475416672208334,5092.851,0.12131249999999999,21.768333333333334,5.306041666666666,14.988025794166667,3.0,8.0
2019-08-02,16.822981145416666,4080.9402083333334,0.10602083333333333,21.19729166666667,8.68,15.020763887916667,4.0,8.0
2019-08-03,47.50640079125,2363.569791666667,0.10554166666666664,20.840416666666666,9.216458333333334,15.067867062916667,5.0,8.0
2019-08-04,81.80104166666666,238.06583333333333,0.09835416666666665,20.456875,9.682708333333332,15.079662699166667,6.0,8.0
2019-08-05,84.503159722375,81.78104166666667,0.11154166666666665,20.218333333333334,10.771041666666667,15.047692459583333,0.0,8.0
2019-08-06,55.59513889179166,78.12395833333333,0.1150069444583333,20.502222222083333,6.928680555416666,15.01343452375,1.0,8.0
2019-08-07,53.46437499983333,74.5325,0.11049999999999999,20.845,3.719375,15.017631943749999,2.0,8.0
2019-08-08,45.723865739,79.09208333333333,0.10831249999999999,21.70625,4.206458333333333,14.99892361125,3.0,8.0
2019-08-09,35.404981482375,95.64687500000001,0.10925,22.93104166666667,3.7304166666666667,14.956533729583334,4.0,8.0
2019-08-10,26.817881941916664,168.70770833333333,0.109375,23.033541666666665,3.3689583333333335,14.929322419583334,5.0,8.0
2019-08-11,19.228027777583335,481.82916666666665,0.136375,22.380416666666665,2.5260416666666665,14.926425594583334,6.0,8.0
2019-08-12,20.179722223625003,924.2454166666666,0.11427083333333332,21.450833333333335,2.381875,14.90203373,0.0,8.0
2019-08-13,13.690763890250002,996.618125,0.14616666666666664,20.632708333333333,19.516875,14.993510912083332,1.0,8.0
2019-08-14,17.318204859291665,932.030625,0.10641666666666665,20.76875,4.745833333333334,14.911849207083334,2.0,8.0
2019-08-15,19.55037083475,864.2233333333334,0.15645833333333334,20.419166666666666,3.5583333333333336,14.916190475416668,3.0,8.0
2019-08-16,24.308878124583334,563.0385416666667,0.15433333333333332,20.418958333333332,8.563541666666667,14.942997024583333,4.0,8.0
2019-08-17,26.974922915249994,281.35625,0.10610416666666667,20.964375,3.504583333333333,14.938245039583334,5.0,8.0
2019-08-18,23.778444444,296.81874999999997,0.10702083333333333,21.220625000000002,3.5629166666666667,14.917170635833335,6.0,8.0
2019-08-19,20.596306944875,849.6791666666667,0.1744583333333333,21.762083333333333,2.153541666666667,14.89000793625,0.0,8.0
2019-08-20,25.485798611666667,1404.1466666666668,0.25099999999999995,21.869583333333335,1.8479166666666667,14.890298611250001,1.0,8.0
2019-08-21,55.609005555416665,1823.0720833333332,0.17208333333333334,21.912916666666664,1.3566666666666667,14.926493055416666,2.0,8.0
2019-08-22,71.58075694833333,2209.1575,0.13704166666666664,21.74083333333333,1.1854166666666666,14.9116597225,3.0,8.0
2019-08-23,63.423804165583334,2471.6425,0.2101666666666667,21.362083333333334,1.3320833333333333,14.851902777916665,4.0,8.0
2019-08-24,47.93268749904166,5192.739166666667,0.5352083333333333,21.59,1.5320833333333335,14.86926388875,5.0,8.0
2019-08-25,38.95256944208333,6090.588833333332,0.69146875,21.732083333333335,1.42125,14.91172519875,6.0,8.0
2019-08-26,22.461712500125,3911.33,0.42695833333333333,21.974999999999998,1.9545833333333336,14.930709325833334,0.0,8.0
2019-08-27,13.45537430454167,4175.870791666667,0.1587083333333333,22.405,2.6935416666666665,14.947425595416668,1.0,8.0
2019-08-28,17.63531423483333,6150.168000000001,0.09195833333333332,23.086249999999996,3.52,15.001770833333333,2.0,8.0
2019-08-29,2.329486111958334,7806.307333333334,0.137125,23.291666666666668,6.505,15.045920634583332,3.0,8.0
2019-08-30,-0.7502899316666666,9139.061375,0.16147916666666665,23.304374999999997,8.365208333333333,15.060003969166667,4.0,8.0
2019-08-31,13.543434031666669,7371.0093333333325,0.20140972220833334,23.285625,15.715000000000002,15.064611110833333,5.0,8.0
2019-09-01,21.314369096666663,4312.083374999999,0.17069444445833334,23.105833333333333,6.739999999999999,15.006697421666667,6.0,9.0
2019-09-02,27.366890281125,3587.87025,0.23710416666666667,22.961458333333336,4.088958333333333,14.947465277500001,0.0,9.0
2019-09-03,24.847646875291662,2142.5285416666666,0.25875,22.708125,3.0574999999999997,14.921982142916667,1.0,9.0
2019-09-04,33.689187498,1586.010625,0.2225625,22.354166666666668,2.372708333333333,14.90986111125,2.0,9.0
2019-09-05,33.11671979,4520.011666666666,0.5414583333333333,22.26,1.9520833333333334,14.8900009925,3.0,9.0
2019-09-06,22.758319440416667,5256.778333333333,0.5054166666666666,22.221458333333334,2.0897916666666667,14.873271825416666,4.0,9.0
2019-09-07,8.916545764166665,5328.568333333334,0.52375,22.472916666666666,2.8158333333333334,14.853428571666667,5.0,9.0
2019-09-08,11.305216393333332,3834.206583333333,0.40900000000000003,22.62375,3.0254166666666666,14.839631944166667,6.0,9.0
2019-09-09,15.816548609416666,4511.873125,0.22829166666666667,22.256666666666664,3.363958333333333,14.857677579166667,0.0,9.0
2019-09-10,16.053854166916665,4940.1817083333335,0.24511458333333333,21.934166666666666,2.9968749999999997,14.876904761250001,1.0,9.0
2019-09-11,18.606400002791666,5383.172041679167,0.20475,21.860625,3.209375,14.92006547625,2.0,9.0
2019-09-12,19.200482640833332,6035.570458333333,0.37006249999999996,21.91979166666667,3.342916666666667,14.980309524166666,3.0,9.0
2019-09-13,23.508802083458335,5588.521458333334,0.5868854166666667,22.28979166666667,3.171666666666667,14.99026785625,4.0,9.0
2019-09-14,27.20414757083333,4546.114208333333,0.5027708333333333,22.398958333333336,3.1797916666666666,14.961830356666667,5.0,9.0
2019-09-15,24.866355556833337,4254.558791666666,0.5123541666666667,22.545833333333334,3.3891666666666667,14.94750793625,6.0,9.0
2019-09-16,23.700655554166662,4538.359791666667,0.5482395833333333,23.104375,2.716041666666667,14.965067460416668,0.0,9.0
2019-09-17,12.787270831416665,4185.25,0.5127604166666667,23.457916666666666,2.3249999999999997,14.971537698333334,1.0,9.0
2019-09-18,9.02315138875,4038.224583333333,0.5345833333333333,23.464166666666667,2.0004166666666667,14.9200178575,2.0,9.0
2019-09-19,28.610770831541668,6168.029541666667,0.5539166666666667,23.548333333333332,1.9279166666666665,14.870772817499999,3.0,9.0
2019-09-20,58.8410815975,6632.834583333333,0.6368333333333333,24.04375,1.5229166666666665,14.880548610833332,4.0,9.0
2019-09-21,48.462364583708336,11621.615375000001,0.7997083333333334,24.743750000000002,1.7333333333333334,14.906625000416668,5.0,9.0
2019-09-22,44.80351874791666,14154.955666666667,0.746125,25.210416666666664,1.60875,14.921241071666666,6.0,9.0
2019-09-23,27.1560138875,16222.072416666668,0.05720833333333331,25.54125,1.75875,14.923270833333333,0.0,9.0
2019-09-24,16.943562497208333,11110.798999999999,0.22118749999999998,25.831875,2.2745833333333336,14.92621031625,1.0,9.0
2019-09-25,15.491770487083334,9002.248708333333,0.298625,25.84166666666667,4.002083333333333,14.96198115125,2.0,9.0
2019-09-26,7.9026138922083335,10914.987833333334,0.28670833333333334,25.88208333333333,7.727083333333333,15.02562004,3.0,9.0
2019-09-27,7.059605901249999,12918.749666666665,0.29315625,25.75979166666667,10.694583333333334,15.05205853125,4.0,9.0
2019-09-28,14.537805558333332,11530.893375,0.27420833333333333,25.705833333333334,10.464166666666666,15.044436508333334,5.0,9.0
2019-09-29,16.503795837499997,9056.906416666667,0.3201458333333333,25.62375,9.154791666666666,14.984212301666666,6.0,9.0
2019-09-30,15.969820832083334,7258.7429999999995,0.34404166666666663,25.691666666666666,6.8475,14.906955853333335,0.0,9.0
2019-10-01,22.868688295875,5270.665416679167,0.7342291666666667,25.609166666666667,9.087916666666667,14.83377579375,1.0,10.0
2019-10-02,20.48576066595833,4144.1175,0.47156249999999994,25.812708333333333,4.25375,14.825497023750001,2.0,10.0
2019-10-03,42.08594523883333,7618.9359791666675,0.7884583333333334,25.676875,8.9825,14.894527777916666,3.0,10.0
2019-10-04,52.272459124,11335.3405625,0.611,25.398958333333336,2.8685416666666668,14.969312500000001,4.0,10.0
2019-10-05,32.67412202554167,8707.517770833334,0.7723541666666667,25.161875,4.023958333333334,14.93618452375,5.0,10.0
2019-10-06,21.160435915833332,8459.225416666666,0.8985416666666667,24.932708333333334,3.9250000000000003,14.896362102083332,6.0,10.0
2019-10-07,17.860163291791665,5935.518270833333,0.5566208333333333,25.21466666666667,3.979041666666667,14.841553570833334,0.0,10.0
2019-10-08,14.164547352916665,5208.520145833333,0.42323333333333335,25.71575,3.950958333333334,14.8334097225,1.0,10.0
2019-10-09,11.551606018583334,5234.0011875,0.4545625,26.097083333333334,4.178541666666667,14.833200396666667,2.0,10.0
2019-10-10,11.676697619999999,5803.4667291666665,0.4329791666666667,26.505208333333332,4.492291666666667,14.826324404166668,3.0,10.0
2019-10-11,4.464369295708334,6009.997437499999,0.5276666666666666,26.453125,4.924375,14.861988592083334,4.0,10.0
2019-10-12,-2.234065972666666,5507.502229166667,0.46193995095833335,26.574166666666667,5.842083333333334,14.86012202375,5.0,10.0
2019-10-13,15.840638888,5487.866041666667,0.8089767157083334,26.942291666666666,5.891041666666666,14.8253521825,6.0,10.0
2019-10-14,11.228229266791667,5304.611729179166,1.0203974359166665,26.977083333333336,5.5304166666666665,14.817275793333332,0.0,10.0
2019-10-15,4.56343412675,4984.049375,1.0364358974166665,26.83375,4.755625,14.826778770416666,1.0,10.0
2019-10-16,8.591013888416667,4288.450208333333,0.5238125,26.689791666666668,5.237291666666667,14.828128968333333,2.0,10.0
2019-10-17,4.274588690666667,4274.211604166667,0.5563958333333333,26.885208333333335,3.9470833333333335,14.812933531250001,3.0,10.0
2019-10-18,14.541625198333335,4679.505,0.7171458333333334,27.153541666666666,4.1727083333333335,14.8085625,4.0,10.0
2019-10-19,-0.7447902775000017,7322.937979166666,0.7758124999999999,27.20104166666667,2.9022916666666667,14.796453373333334,5.0,10.0
2019-10-20,13.837145554583332,7672.7264583333335,0.8634166666666667,27.782916666666665,2.4139583333333334,14.809770833333333,6.0,10.0
2019-10-21,-4.376146252375,13699.008812500002,0.7404722222083334,27.450208333333332,1.9381944444583332,14.825271825416666,0.0,10.0
2019-10-22,30.399142580000003,11882.7845,1.2088819444583334,26.89625,2.5922222222083335,14.981385911666665,1.0,10.0
2019-10-23,34.70652551708333,2488.8718750000003,0.36522916666666666,25.199583333333333,6.956666666541667,15.05958234125,2.0,10.0
2019-10-24,20.020906148625,5081.291875,0.42616666666666664,25.018333333333334,8.047291666666666,15.077427579166667,3.0,10.0
2019-10-25,10.104801387499998,7133.4836875,0.21754166666666666,25.293333333333333,6.417916666666667,15.145409721666667,4.0,10.0
2019-10-26,13.571038890416665,8562.792770833334,0.366625,25.705,6.800208333333334,15.145284723333333,5.0,10.0
2019-10-27,12.550564484583333,8932.648895820834,0.27066666666666667,26.198333333333334,6.7820833333333335,15.134559522916668,6.0,10.0
2019-10-28,11.647914587499999,8268.986791679166,0.18348958333333332,26.13,7.223958333333333,15.082343252500001,0.0,10.0
2019-10-29,10.663253474583334,7236.530770833334,0.25326041666666665,26.314999999999998,5.495625,15.035408730833334,1.0,10.0
2019-10-30,12.424184027916667,6410.822854166666,0.5044583333333333,25.975624999999997,4.5997916666666665,15.005940476666666,2.0,10.0
2019-10-31,29.088407984,7623.6806875,0.7069375,25.553749999999997,3.0004166666666667,14.971363095416665,3.0,10.0
2019-11-01,30.963399305708332,10471.445979166667,0.8414791666666667,25.772291666666664,2.4616666666666664,14.977951389166668,4.0,11.0
2019-11-02,41.18887499845833,11263.825916666667,0.9032291666666666,26.465208333333333,2.4625,14.957819444166667,5.0,11.0
2019-11-03,36.34231736016667,13104.669854166668,0.6849583333333333,27.152916666666666,2.0672916666666667,14.958435515416667,6.0,11.0
2019-11-04,23.294710414875,13798.576062499998,1.10875,27.543125,1.9396875,14.934892857083334,0.0,11.0
2019-11-05,19.743127776083334,11246.9115625,1.0142499999999999,27.785625,2.4715625,14.921017857499999,1.0,11.0
2019-11-06,17.809342362749998,8906.139520833332,1.0075625,27.739583333333332,3.0454166666666667,14.923452380833334,2.0,11.0
2019-11-07,10.052736804291666,8453.073333333334,0.6543125,28.18541666666667,3.2841666666666662,14.930243055833335,3.0,11.0
2019-11-08,6.591378672375,7275.1268125,1.2105,28.091458333333335,3.466041666666667,14.90273759875,4.0,11.0
2019-11-09,1.8280281755000007,6602.475625,0.8522500000000001,28.112708333333334,5.456875,14.865117063333335,5.0,11.0
2019-11-10,10.2296257935,7598.426812500001,0.6697708333333333,27.8325,5.432291666666667,14.850510912916667,6.0,11.0
2019-11-11,11.008492807083334,9145.804104166667,0.9617291666666666,27.894166666666667,4.604375,14.885327380416667,0.0,11.0
2019-11-12,7.270713787791667,9045.732083333334,0.9712291666666667,27.799166666666665,4.373333333333334,14.868609127083333,1.0,11.0
2019-11-13,5.605256943166669,9507.923333333334,1.1962708333333334,27.581458333333334,4.1525,14.871406745833333,2.0,11.0
2019-11-14,2.779531943083333,9861.982020833333,1.2105625,27.505208333333332,3.578125,14.857966269583335,3.0,11.0
2019-11-15,15.562362501541665,12003.527708333333,0.9254791666666667,27.44395833333333,3.0895833333333336,14.843673610833333,4.0,11.0
2019-11-16,28.590943849583336,14171.2268125,0.7483124999999999,27.53708333333333,2.6352083333333334,14.8546954375,5.0,11.0
2019-11-17,4.394717008750001,15616.673875,0.45245833333333335,27.721875,2.449375,14.854756944583334,6.0,11.0
2019-11-18,-4.585249999125,15380.105145833333,0.06212499999999999,28.124375,2.56375,14.846363095416665,0.0,11.0
2019-11-19,12.092781648499999,17834.59675,0.057979166666666644,28.5971875,2.2128125,14.870429563750001,1.0,11.0
2019-11-20,15.407960069708333,18639.45765625,0.05613541666666666,29.137708333333332,2.4538541666666664,14.922341269166667,2.0,11.0
2019-11-21,10.954490973333334,16971.076052083332,0.051093749999999986,29.161562500000002,3.0625,14.949150793333333,3.0,11.0
2019-11-22,1.3840759240416685,17419.182041666667,0.39943749999999995,29.135875,3.1972916666666666,15.0206091275,4.0,11.0
2019-11-23,2.341410182375,17861.349416666668,0.04293749999999998,29.240166666666667,3.1904166666666662,15.03914484,5.0,11.0
2019-11-24,2.0705124945833333,18161.478333333333,0.029057870374999992,28.972083333333334,4.0304166666666665,15.05355357125,6.0,11.0
2019-11-25,-10.794345483333336,17036.84833333333,0.029347222208333325,28.883333333333336,4.6345833333333335,15.041105159166667,0.0,11.0
2019-11-26,0.6862031245833364,16666.802083333332,0.025401725583333323,28.982083333333335,4.9174999999999995,14.998669643333335,1.0,11.0
2019-11-27,1.3881145883333321,15005.341458333334,0.02298106062499999,28.738958333333333,4.473333333333334,14.945567460833333,2.0,11.0
2019-11-28,-1.1424652741666677,14541.749166666666,0.01586489899999999,28.582083333333333,4.135833333333333,14.910234127083333,3.0,11.0
2019-11-29,11.255241666624999,14348.924166666666,0.029487573083333316,28.60083333333333,3.4804166666666667,14.866423610416668,4.0,11.0
2019-11-30,32.769844445958334,16435.942916666667,0.033442982458333326,28.91875,2.6962500000000005,14.842263888333333,5.0,11.0
2019-12-01,-3.989986111499999,16922.656875,0.03740416666666667,29.075833333333335,3.560625,14.848873015833334,6.0,12.0
2019-12-02,-9.307995040833333,14991.66375,0.040575,29.565208333333334,2.36375,14.848738095416666,0.0,12.0
2019-12-03,9.430868852625,15227.180972083333,0.025357142874999992,30.268333333333334,2.5002777777916667,14.829369047916666,1.0,12.0
2019-12-04,6.235187997375,15249.176527916667,0.043007440458333324,30.676,2.8162222222083333,14.83107142875,2.0,12.0
2019-12-05,-12.420765624874997,13451.150104166665,0.034921875,30.904416666666666,3.0125625,14.844519840833334,3.0,12.0
2019-12-06,-15.242924107125,12883.493625000001,0.05245496325000001,30.935125,3.3370208333333333,14.868479167083335,4.0,12.0
2019-12-07,8.42477202370833,12086.666520833334,0.04952941174999998,30.67695833333333,3.4816249999999997,14.8753541675,5.0,12.0
2019-12-08,14.977645833458334,11801.3461875,0.04999999999999998,30.650000000000002,3.3156250000000003,14.8963115075,6.0,12.0
2019-12-09,10.007061110124999,14407.683125000001,0.05381249999999996,29.935000000000002,3.34625,14.9216746025,0.0,12.0
2019-12-10,22.53363487208333,16963.017499999998,0.0318125,29.399583333333336,6.366041666666667,15.037841270416665,1.0,12.0
2019-12-11,21.651800002958336,12753.219958333333,0.1625625,29.300833333333333,3.8225,15.067272817916667,2.0,12.0
2019-12-12,14.484911452916664,11859.4648125,0.4612083333333333,29.236874999999998,3.98375,15.042367064166667,3.0,12.0
2019-12-13,8.560915380416665,11361.489854166668,0.4435208333333333,29.112291666666668,4.388958333333333,14.999040674583334,4.0,12.0
2019-12-14,-3.2890611162499996,12873.445687499998,0.04981249999999996,29.1275,5.246875,14.9462321425,5.0,12.0
2019-12-15,-3.1892751472500005,14230.397979166666,0.046250000000000006,29.297083333333333,3.61875,14.904185516250001,6.0,12.0
2019-12-16,-5.170469841125,14658.500145833334,0.035312500000000004,29.72854166666667,3.9772916666666664,14.874140872916668,0.0,12.0
2019-12-17,2.123398611499997,17620.2135625,0.04139583333333333,29.917708333333334,3.84625,14.880543650833333,1.0,12.0
2019-12-18,24.461135420833333,18355.078979166665,0.037624999999999985,30.083541666666665,3.32875,14.899011904583332,2.0,12.0
2019-12-19,22.937586804583333,19993.291322916666,0.032552083333333294,29.871875,3.005625,15.022562500416667,3.0,12.0
2019-12-20,18.201549998333334,17835.960802083333,0.02771875,29.505416666666665,2.9324999999999997,15.06200793625,4.0,12.0
2019-12-21,23.08730694291667,15568.712687500001,0.17124999999999999,29.098125,3.34,15.073600197916667,5.0,12.0
2019-12-22,19.02882222820833,14347.652812499999,0.2814375,29.03108333333333,3.49925,15.082299602916668,6.0,12.0
2019-12-23,16.776438859166664,14614.5646875,0.15612499999999999,29.1585,4.240125,15.070143849583333,0.0,12.0
2019-12-24,-4.821747194583335,14946.518270833332,0.5797291666666666,29.473125,5.16,15.057099206666665,1.0,12.0
2019-12-25,-14.683717259624999,15879.722062499999,0.6261458333333333,29.386875,5.465,15.033041666666668,2.0,12.0
2019-12-26,-15.173777879583332,15723.753541666667,0.4742916666666666,29.114583333333332,7.138333333333333,14.979702380833332,3.0,12.0
2019-12-27,16.616211305416666,14206.398125,0.045375,28.541666666666668,7.504375,14.971728175,4.0,12.0
2019-12-28,29.347155558666667,9688.272770833333,0.0918125,28.154791666666668,5.24625,14.984101190416666,5.0,12.0
2019-12-29,50.35151041666666,9666.64,0.04243749999999997,27.839375,4.960625,14.983148810000001,6.0,12.0
2019-12-30,47.49469861166667,961.8658333333333,0.40310416666666665,26.757291666666664,14.585,14.988017857083333,0.0,12.0
2019-12-31,31.86965972608333,2743.89,0.431625,27.413124999999997,10.254375,14.952779761666667,1.0,12.0
